"","filename","species","current","cc","cn","gf","he","mp"
"1","Aulax pallasia_total_curr_2010.csv","Aulax pallasia",252000,252000,252000,252000,252000,252000
"2","Aulax pallasia_total_curr_2040.csv","Aulax pallasia",252000,252000,252000,252000,252000,252000
"3","Aulax pallasia_total_curr_2070.csv","Aulax pallasia",252000,252000,252000,252000,252000,252000
"4","Aulax umbellata_total_curr_2010.csv","Aulax umbellata",252000,252000,252000,252000,252000,252000
"5","Aulax umbellata_total_curr_2040.csv","Aulax umbellata",252000,252000,252000,252000,252000,252000
"6","Aulax umbellata_total_curr_2070.csv","Aulax umbellata",252000,252000,252000,252000,252000,252000
"7","Brabejum stellatifolium_total_curr_2010.csv","Brabejum stellatifolium",252000,252000,252000,252000,252000,252000
"8","Brabejum stellatifolium_total_curr_2040.csv","Brabejum stellatifolium",252000,252000,252000,252000,252000,252000
"9","Brabejum stellatifolium_total_curr_2070.csv","Brabejum stellatifolium",252000,252000,252000,252000,252000,252000
"10","Diastella buekii_total_curr_2010.csv","Diastella buekii",252000,252000,252000,252000,252000,252000
"11","Diastella buekii_total_curr_2040.csv","Diastella buekii",252000,252000,252000,252000,252000,252000
"12","Diastella buekii_total_curr_2070.csv","Diastella buekii",252000,252000,252000,252000,252000,252000
"13","Diastella divaricata_total_curr_2010.csv","Diastella divaricata",252000,252000,252000,252000,252000,252000
"14","Diastella divaricata_total_curr_2040.csv","Diastella divaricata",252000,252000,252000,252000,252000,252000
"15","Diastella divaricata_total_curr_2070.csv","Diastella divaricata",252000,252000,252000,252000,252000,252000
"16","Diastella fraterna_total_curr_2010.csv","Diastella fraterna",252000,252000,252000,252000,252000,252000
"17","Diastella fraterna_total_curr_2040.csv","Diastella fraterna",252000,252000,252000,252000,252000,252000
"18","Diastella fraterna_total_curr_2070.csv","Diastella fraterna",252000,252000,252000,252000,252000,252000
"19","Diastella parilis_total_curr_2010.csv","Diastella parilis",252000,252000,252000,252000,252000,252000
"20","Diastella parilis_total_curr_2040.csv","Diastella parilis",252000,252000,252000,252000,252000,252000
"21","Diastella parilis_total_curr_2070.csv","Diastella parilis",252000,252000,252000,252000,252000,252000
"22","Diastella proteoides_total_curr_2010.csv","Diastella proteoides",252000,252000,252000,252000,252000,252000
"23","Diastella proteoides_total_curr_2040.csv","Diastella proteoides",252000,252000,252000,252000,252000,252000
"24","Diastella proteoides_total_curr_2070.csv","Diastella proteoides",252000,252000,252000,252000,252000,252000
"25","Diastella thymelaeoides_total_curr_2010.csv","Diastella thymelaeoides",252000,252000,252000,252000,252000,252000
"26","Diastella thymelaeoides_total_curr_2040.csv","Diastella thymelaeoides",252000,252000,252000,252000,252000,252000
"27","Diastella thymelaeoides_total_curr_2070.csv","Diastella thymelaeoides",252000,252000,252000,252000,252000,252000
"28","Leucadendron album_total_curr_2010.csv","Leucadendron album",252000,252000,252000,252000,252000,252000
"29","Leucadendron album_total_curr_2040.csv","Leucadendron album",252000,252000,252000,252000,252000,252000
"30","Leucadendron album_total_curr_2070.csv","Leucadendron album",252000,252000,252000,252000,252000,252000
"31","Leucadendron argenteum_total_curr_2010.csv","Leucadendron argenteum",252000,252000,252000,252000,252000,252000
"32","Leucadendron argenteum_total_curr_2040.csv","Leucadendron argenteum",252000,252000,252000,252000,252000,252000
"33","Leucadendron argenteum_total_curr_2070.csv","Leucadendron argenteum",252000,252000,252000,252000,252000,252000
"34","Leucadendron brunioides_total_curr_2010.csv","Leucadendron brunioides",252000,252000,252000,252000,252000,252000
"35","Leucadendron brunioides_total_curr_2040.csv","Leucadendron brunioides",252000,252000,252000,252000,252000,252000
"36","Leucadendron brunioides_total_curr_2070.csv","Leucadendron brunioides",252000,252000,252000,252000,252000,252000
"37","Leucadendron burchellii_total_curr_2010.csv","Leucadendron burchellii",252000,252000,252000,252000,252000,252000
"38","Leucadendron burchellii_total_curr_2040.csv","Leucadendron burchellii",252000,252000,252000,252000,252000,252000
"39","Leucadendron burchellii_total_curr_2070.csv","Leucadendron burchellii",252000,252000,252000,252000,252000,252000
"40","Leucadendron chamelaea_total_curr_2010.csv","Leucadendron chamelaea",252000,252000,252000,252000,252000,252000
"41","Leucadendron chamelaea_total_curr_2040.csv","Leucadendron chamelaea",252000,252000,252000,252000,252000,252000
"42","Leucadendron chamelaea_total_curr_2070.csv","Leucadendron chamelaea",252000,252000,252000,252000,252000,252000
"43","Leucadendron cinereum_total_curr_2010.csv","Leucadendron cinereum",252000,252000,252000,252000,252000,252000
"44","Leucadendron cinereum_total_curr_2040.csv","Leucadendron cinereum",252000,252000,252000,252000,252000,252000
"45","Leucadendron cinereum_total_curr_2070.csv","Leucadendron cinereum",252000,252000,252000,252000,252000,252000
"46","Leucadendron concavum_total_curr_2010.csv","Leucadendron concavum",252000,252000,252000,252000,252000,252000
"47","Leucadendron concavum_total_curr_2040.csv","Leucadendron concavum",252000,252000,252000,252000,252000,252000
"48","Leucadendron concavum_total_curr_2070.csv","Leucadendron concavum",252000,252000,252000,252000,252000,252000
"49","Leucadendron conicum_total_curr_2010.csv","Leucadendron conicum",252000,252000,252000,252000,252000,252000
"50","Leucadendron conicum_total_curr_2040.csv","Leucadendron conicum",252000,252000,252000,252000,252000,252000
"51","Leucadendron conicum_total_curr_2070.csv","Leucadendron conicum",252000,252000,252000,252000,252000,252000
"52","Leucadendron coniferum_total_curr_2010.csv","Leucadendron coniferum",252000,252000,252000,252000,252000,252000
"53","Leucadendron coniferum_total_curr_2040.csv","Leucadendron coniferum",252000,252000,252000,252000,252000,252000
"54","Leucadendron coniferum_total_curr_2070.csv","Leucadendron coniferum",252000,252000,252000,252000,252000,252000
"55","Leucadendron cordatum_total_curr_2010.csv","Leucadendron cordatum",252000,252000,252000,252000,252000,252000
"56","Leucadendron cordatum_total_curr_2040.csv","Leucadendron cordatum",252000,252000,252000,252000,252000,252000
"57","Leucadendron cordatum_total_curr_2070.csv","Leucadendron cordatum",252000,252000,252000,252000,252000,252000
"58","Leucadendron coriaceum_total_curr_2010.csv","Leucadendron coriaceum",252000,252000,252000,252000,252000,252000
"59","Leucadendron coriaceum_total_curr_2040.csv","Leucadendron coriaceum",252000,252000,252000,252000,252000,252000
"60","Leucadendron coriaceum_total_curr_2070.csv","Leucadendron coriaceum",252000,252000,252000,252000,252000,252000
"61","Leucadendron corymbosum_total_curr_2010.csv","Leucadendron corymbosum",252000,252000,252000,252000,252000,252000
"62","Leucadendron corymbosum_total_curr_2040.csv","Leucadendron corymbosum",252000,252000,252000,252000,252000,252000
"63","Leucadendron corymbosum_total_curr_2070.csv","Leucadendron corymbosum",252000,252000,252000,252000,252000,252000
"64","Leucadendron daphnoides_total_curr_2010.csv","Leucadendron daphnoides",252000,252000,252000,252000,252000,252000
"65","Leucadendron daphnoides_total_curr_2040.csv","Leucadendron daphnoides",252000,252000,252000,252000,252000,252000
"66","Leucadendron daphnoides_total_curr_2070.csv","Leucadendron daphnoides",252000,252000,252000,252000,252000,252000
"67","Leucadendron diemontianum_total_curr_2010.csv","Leucadendron diemontianum",252000,252000,252000,252000,252000,252000
"68","Leucadendron diemontianum_total_curr_2040.csv","Leucadendron diemontianum",252000,252000,252000,252000,252000,252000
"69","Leucadendron diemontianum_total_curr_2070.csv","Leucadendron diemontianum",252000,252000,252000,252000,252000,252000
"70","Leucadendron dregei_total_curr_2010.csv","Leucadendron dregei",252000,252000,252000,252000,252000,252000
"71","Leucadendron dregei_total_curr_2040.csv","Leucadendron dregei",252000,252000,252000,252000,252000,252000
"72","Leucadendron dregei_total_curr_2070.csv","Leucadendron dregei",252000,252000,252000,252000,252000,252000
"73","Leucadendron dubium_total_curr_2010.csv","Leucadendron dubium",252000,252000,252000,252000,252000,252000
"74","Leucadendron dubium_total_curr_2040.csv","Leucadendron dubium",252000,252000,252000,252000,252000,252000
"75","Leucadendron dubium_total_curr_2070.csv","Leucadendron dubium",252000,252000,252000,252000,252000,252000
"76","Leucadendron elimense_total_curr_2010.csv","Leucadendron elimense",252000,252000,252000,252000,252000,252000
"77","Leucadendron elimense_total_curr_2040.csv","Leucadendron elimense",252000,252000,252000,252000,252000,252000
"78","Leucadendron elimense_total_curr_2070.csv","Leucadendron elimense",252000,252000,252000,252000,252000,252000
"79","Leucadendron eucalyptifolium_total_curr_2010.csv","Leucadendron eucalyptifolium",252000,252000,252000,252000,252000,252000
"80","Leucadendron eucalyptifolium_total_curr_2040.csv","Leucadendron eucalyptifolium",252000,252000,252000,252000,252000,252000
"81","Leucadendron eucalyptifolium_total_curr_2070.csv","Leucadendron eucalyptifolium",252000,252000,252000,252000,252000,252000
"82","Leucadendron floridum_total_curr_2010.csv","Leucadendron floridum",252000,252000,252000,252000,252000,252000
"83","Leucadendron floridum_total_curr_2040.csv","Leucadendron floridum",252000,252000,252000,252000,252000,252000
"84","Leucadendron floridum_total_curr_2070.csv","Leucadendron floridum",252000,252000,252000,252000,252000,252000
"85","Leucadendron foedum_total_curr_2010.csv","Leucadendron foedum",252000,252000,252000,252000,252000,252000
"86","Leucadendron foedum_total_curr_2040.csv","Leucadendron foedum",252000,252000,252000,252000,252000,252000
"87","Leucadendron foedum_total_curr_2070.csv","Leucadendron foedum",252000,252000,252000,252000,252000,252000
"88","Leucadendron galpinii_total_curr_2010.csv","Leucadendron galpinii",252000,252000,252000,252000,252000,252000
"89","Leucadendron galpinii_total_curr_2040.csv","Leucadendron galpinii",252000,252000,252000,252000,252000,252000
"90","Leucadendron galpinii_total_curr_2070.csv","Leucadendron galpinii",252000,252000,252000,252000,252000,252000
"91","Leucadendron glaberrimum_total_curr_2010.csv","Leucadendron glaberrimum",252000,252000,252000,252000,252000,252000
"92","Leucadendron glaberrimum_total_curr_2040.csv","Leucadendron glaberrimum",252000,252000,252000,252000,252000,252000
"93","Leucadendron glaberrimum_total_curr_2070.csv","Leucadendron glaberrimum",252000,252000,252000,252000,252000,252000
"94","Leucadendron globosum_total_curr_2010.csv","Leucadendron globosum",252000,252000,252000,252000,252000,252000
"95","Leucadendron globosum_total_curr_2040.csv","Leucadendron globosum",252000,252000,252000,252000,252000,252000
"96","Leucadendron globosum_total_curr_2070.csv","Leucadendron globosum",252000,252000,252000,252000,252000,252000
"97","Leucadendron gydoense_total_curr_2010.csv","Leucadendron gydoense",252000,252000,252000,252000,252000,252000
"98","Leucadendron gydoense_total_curr_2040.csv","Leucadendron gydoense",252000,252000,252000,252000,252000,252000
"99","Leucadendron gydoense_total_curr_2070.csv","Leucadendron gydoense",252000,252000,252000,252000,252000,252000
"100","Leucadendron lanigerum_total_curr_2010.csv","Leucadendron lanigerum",252000,252000,252000,252000,252000,252000
"101","Leucadendron lanigerum_total_curr_2040.csv","Leucadendron lanigerum",252000,252000,252000,252000,252000,252000
"102","Leucadendron lanigerum_total_curr_2070.csv","Leucadendron lanigerum",252000,252000,252000,252000,252000,252000
"103","Leucadendron laxum_total_curr_2010.csv","Leucadendron laxum",252000,252000,252000,252000,252000,252000
"104","Leucadendron laxum_total_curr_2040.csv","Leucadendron laxum",252000,252000,252000,252000,252000,252000
"105","Leucadendron laxum_total_curr_2070.csv","Leucadendron laxum",252000,252000,252000,252000,252000,252000
"106","Leucadendron levisanus_total_curr_2010.csv","Leucadendron levisanus",252000,252000,252000,252000,252000,252000
"107","Leucadendron levisanus_total_curr_2040.csv","Leucadendron levisanus",252000,252000,252000,252000,252000,252000
"108","Leucadendron levisanus_total_curr_2070.csv","Leucadendron levisanus",252000,252000,252000,252000,252000,252000
"109","Leucadendron linifolium_total_curr_2010.csv","Leucadendron linifolium",252000,252000,252000,252000,252000,252000
"110","Leucadendron linifolium_total_curr_2040.csv","Leucadendron linifolium",252000,252000,252000,252000,252000,252000
"111","Leucadendron linifolium_total_curr_2070.csv","Leucadendron linifolium",252000,252000,252000,252000,252000,252000
"112","Leucadendron loranthifolium_total_curr_2010.csv","Leucadendron loranthifolium",252000,252000,252000,252000,252000,252000
"113","Leucadendron loranthifolium_total_curr_2040.csv","Leucadendron loranthifolium",252000,252000,252000,252000,252000,252000
"114","Leucadendron loranthifolium_total_curr_2070.csv","Leucadendron loranthifolium",252000,252000,252000,252000,252000,252000
"115","Leucadendron modestum_total_curr_2010.csv","Leucadendron modestum",252000,252000,252000,252000,252000,252000
"116","Leucadendron modestum_total_curr_2040.csv","Leucadendron modestum",252000,252000,252000,252000,252000,252000
"117","Leucadendron modestum_total_curr_2070.csv","Leucadendron modestum",252000,252000,252000,252000,252000,252000
"118","Leucadendron nervosum_total_curr_2010.csv","Leucadendron nervosum",252000,252000,252000,252000,252000,252000
"119","Leucadendron nervosum_total_curr_2040.csv","Leucadendron nervosum",252000,252000,252000,252000,252000,252000
"120","Leucadendron nervosum_total_curr_2070.csv","Leucadendron nervosum",252000,252000,252000,252000,252000,252000
"121","Leucadendron nitidum_total_curr_2010.csv","Leucadendron nitidum",252000,252000,252000,252000,252000,252000
"122","Leucadendron nitidum_total_curr_2040.csv","Leucadendron nitidum",252000,252000,252000,252000,252000,252000
"123","Leucadendron nitidum_total_curr_2070.csv","Leucadendron nitidum",252000,252000,252000,252000,252000,252000
"124","Leucadendron platyspermum_total_curr_2010.csv","Leucadendron platyspermum",252000,252000,252000,252000,252000,252000
"125","Leucadendron platyspermum_total_curr_2040.csv","Leucadendron platyspermum",252000,252000,252000,252000,252000,252000
"126","Leucadendron platyspermum_total_curr_2070.csv","Leucadendron platyspermum",252000,252000,252000,252000,252000,252000
"127","Leucadendron procerum_total_curr_2010.csv","Leucadendron procerum",252000,252000,252000,252000,252000,252000
"128","Leucadendron procerum_total_curr_2040.csv","Leucadendron procerum",252000,252000,252000,252000,252000,252000
"129","Leucadendron procerum_total_curr_2070.csv","Leucadendron procerum",252000,252000,252000,252000,252000,252000
"130","Leucadendron pubescens_total_curr_2010.csv","Leucadendron pubescens",252000,252000,252000,252000,252000,252000
"131","Leucadendron pubescens_total_curr_2040.csv","Leucadendron pubescens",252000,252000,252000,252000,252000,252000
"132","Leucadendron pubescens_total_curr_2070.csv","Leucadendron pubescens",252000,252000,252000,252000,252000,252000
"133","Leucadendron rubrum_total_curr_2010.csv","Leucadendron rubrum",252000,252000,252000,252000,252000,252000
"134","Leucadendron rubrum_total_curr_2040.csv","Leucadendron rubrum",252000,252000,252000,252000,252000,252000
"135","Leucadendron rubrum_total_curr_2070.csv","Leucadendron rubrum",252000,252000,252000,252000,252000,252000
"136","Leucadendron salignum_total_curr_2010.csv","Leucadendron salignum",252000,252000,252000,252000,252000,252000
"137","Leucadendron salignum_total_curr_2040.csv","Leucadendron salignum",252000,252000,252000,252000,252000,252000
"138","Leucadendron salignum_total_curr_2070.csv","Leucadendron salignum",252000,252000,252000,252000,252000,252000
"139","Leucadendron sericeum_total_curr_2010.csv","Leucadendron sericeum",252000,252000,252000,252000,252000,252000
"140","Leucadendron sericeum_total_curr_2040.csv","Leucadendron sericeum",252000,252000,252000,252000,252000,252000
"141","Leucadendron sericeum_total_curr_2070.csv","Leucadendron sericeum",252000,252000,252000,252000,252000,252000
"142","Leucadendron sessile_total_curr_2010.csv","Leucadendron sessile",252000,252000,252000,252000,252000,252000
"143","Leucadendron sessile_total_curr_2040.csv","Leucadendron sessile",252000,252000,252000,252000,252000,252000
"144","Leucadendron sessile_total_curr_2070.csv","Leucadendron sessile",252000,252000,252000,252000,252000,252000
"145","Leucadendron spissifolium_total_curr_2010.csv","Leucadendron spissifolium",252000,252000,252000,252000,252000,252000
"146","Leucadendron spissifolium_total_curr_2040.csv","Leucadendron spissifolium",252000,252000,252000,252000,252000,252000
"147","Leucadendron spissifolium_total_curr_2070.csv","Leucadendron spissifolium",252000,252000,252000,252000,252000,252000
"148","Leucadendron stellare_total_curr_2010.csv","Leucadendron stellare",252000,252000,252000,252000,252000,252000
"149","Leucadendron stellare_total_curr_2040.csv","Leucadendron stellare",252000,252000,252000,252000,252000,252000
"150","Leucadendron stellare_total_curr_2070.csv","Leucadendron stellare",252000,252000,252000,252000,252000,252000
"151","Leucadendron strobilinum_total_curr_2010.csv","Leucadendron strobilinum",252000,252000,252000,252000,252000,252000
"152","Leucadendron strobilinum_total_curr_2040.csv","Leucadendron strobilinum",252000,252000,252000,252000,252000,252000
"153","Leucadendron strobilinum_total_curr_2070.csv","Leucadendron strobilinum",252000,252000,252000,252000,252000,252000
"154","Leucadendron teretifolium_total_curr_2010.csv","Leucadendron teretifolium",252000,252000,252000,252000,252000,252000
"155","Leucadendron teretifolium_total_curr_2040.csv","Leucadendron teretifolium",252000,252000,252000,252000,252000,252000
"156","Leucadendron teretifolium_total_curr_2070.csv","Leucadendron teretifolium",252000,252000,252000,252000,252000,252000
"157","Leucadendron thymifolium_total_curr_2010.csv","Leucadendron thymifolium",252000,252000,252000,252000,252000,252000
"158","Leucadendron thymifolium_total_curr_2040.csv","Leucadendron thymifolium",252000,252000,252000,252000,252000,252000
"159","Leucadendron thymifolium_total_curr_2070.csv","Leucadendron thymifolium",252000,252000,252000,252000,252000,252000
"160","Leucadendron tinctum_total_curr_2010.csv","Leucadendron tinctum",252000,252000,252000,252000,252000,252000
"161","Leucadendron tinctum_total_curr_2040.csv","Leucadendron tinctum",252000,252000,252000,252000,252000,252000
"162","Leucadendron tinctum_total_curr_2070.csv","Leucadendron tinctum",252000,252000,252000,252000,252000,252000
"163","Leucadendron verticillatum_total_curr_2010.csv","Leucadendron verticillatum",252000,252000,252000,252000,252000,252000
"164","Leucadendron verticillatum_total_curr_2040.csv","Leucadendron verticillatum",252000,252000,252000,252000,252000,252000
"165","Leucadendron verticillatum_total_curr_2070.csv","Leucadendron verticillatum",252000,252000,252000,252000,252000,252000
"166","Leucospermum arenarium_total_curr_2010.csv","Leucospermum arenarium",252000,252000,252000,252000,252000,252000
"167","Leucospermum arenarium_total_curr_2040.csv","Leucospermum arenarium",252000,252000,252000,252000,252000,252000
"168","Leucospermum arenarium_total_curr_2070.csv","Leucospermum arenarium",252000,252000,252000,252000,252000,252000
"169","Leucospermum bolusii_total_curr_2010.csv","Leucospermum bolusii",252000,252000,252000,252000,252000,252000
"170","Leucospermum bolusii_total_curr_2040.csv","Leucospermum bolusii",252000,252000,252000,252000,252000,252000
"171","Leucospermum bolusii_total_curr_2070.csv","Leucospermum bolusii",252000,252000,252000,252000,252000,252000
"172","Leucospermum catherinae_total_curr_2010.csv","Leucospermum catherinae",252000,252000,252000,252000,252000,252000
"173","Leucospermum catherinae_total_curr_2040.csv","Leucospermum catherinae",252000,252000,252000,252000,252000,252000
"174","Leucospermum catherinae_total_curr_2070.csv","Leucospermum catherinae",252000,252000,252000,252000,252000,252000
"175","Leucospermum conocarpodendron_total_curr_2010.csv","Leucospermum conocarpodendron",252000,252000,252000,252000,252000,252000
"176","Leucospermum conocarpodendron_total_curr_2040.csv","Leucospermum conocarpodendron",252000,252000,252000,252000,252000,252000
"177","Leucospermum conocarpodendron_total_curr_2070.csv","Leucospermum conocarpodendron",252000,252000,252000,252000,252000,252000
"178","Leucospermum cordifolium_total_curr_2010.csv","Leucospermum cordifolium",252000,252000,252000,252000,252000,252000
"179","Leucospermum cordifolium_total_curr_2040.csv","Leucospermum cordifolium",252000,252000,252000,252000,252000,252000
"180","Leucospermum cordifolium_total_curr_2070.csv","Leucospermum cordifolium",252000,252000,252000,252000,252000,252000
"181","Leucospermum erubescens_total_curr_2010.csv","Leucospermum erubescens",252000,252000,252000,252000,252000,252000
"182","Leucospermum erubescens_total_curr_2040.csv","Leucospermum erubescens",252000,252000,252000,252000,252000,252000
"183","Leucospermum erubescens_total_curr_2070.csv","Leucospermum erubescens",252000,252000,252000,252000,252000,252000
"184","Leucospermum gracile_total_curr_2010.csv","Leucospermum gracile",252000,252000,252000,252000,252000,252000
"185","Leucospermum gracile_total_curr_2040.csv","Leucospermum gracile",252000,252000,252000,252000,252000,252000
"186","Leucospermum gracile_total_curr_2070.csv","Leucospermum gracile",252000,252000,252000,252000,252000,252000
"187","Leucospermum heterophyllum_total_curr_2010.csv","Leucospermum heterophyllum",252000,252000,252000,252000,252000,252000
"188","Leucospermum heterophyllum_total_curr_2040.csv","Leucospermum heterophyllum",252000,252000,252000,252000,252000,252000
"189","Leucospermum heterophyllum_total_curr_2070.csv","Leucospermum heterophyllum",252000,252000,252000,252000,252000,252000
"190","Leucospermum hypophyllocarpodendron_total_curr_2010.csv","Leucospermum hypophyllocarpodendron",252000,252000,252000,252000,252000,252000
"191","Leucospermum hypophyllocarpodendron_total_curr_2040.csv","Leucospermum hypophyllocarpodendron",252000,252000,252000,252000,252000,252000
"192","Leucospermum hypophyllocarpodendron_total_curr_2070.csv","Leucospermum hypophyllocarpodendron",252000,252000,252000,252000,252000,252000
"193","Leucospermum lineare_total_curr_2010.csv","Leucospermum lineare",252000,252000,252000,252000,252000,252000
"194","Leucospermum lineare_total_curr_2040.csv","Leucospermum lineare",252000,252000,252000,252000,252000,252000
"195","Leucospermum lineare_total_curr_2070.csv","Leucospermum lineare",252000,252000,252000,252000,252000,252000
"196","Leucospermum muirii_total_curr_2010.csv","Leucospermum muirii",252000,252000,252000,252000,252000,252000
"197","Leucospermum muirii_total_curr_2040.csv","Leucospermum muirii",252000,252000,252000,252000,252000,252000
"198","Leucospermum muirii_total_curr_2070.csv","Leucospermum muirii",252000,252000,252000,252000,252000,252000
"199","Leucospermum mundii_total_curr_2010.csv","Leucospermum mundii",252000,252000,252000,252000,252000,252000
"200","Leucospermum mundii_total_curr_2040.csv","Leucospermum mundii",252000,252000,252000,252000,252000,252000
"201","Leucospermum mundii_total_curr_2070.csv","Leucospermum mundii",252000,252000,252000,252000,252000,252000
"202","Leucospermum parile_total_curr_2010.csv","Leucospermum parile",252000,252000,252000,252000,252000,252000
"203","Leucospermum parile_total_curr_2040.csv","Leucospermum parile",252000,252000,252000,252000,252000,252000
"204","Leucospermum parile_total_curr_2070.csv","Leucospermum parile",252000,252000,252000,252000,252000,252000
"205","Leucospermum patersonii_total_curr_2010.csv","Leucospermum patersonii",252000,252000,252000,252000,252000,252000
"206","Leucospermum patersonii_total_curr_2040.csv","Leucospermum patersonii",252000,252000,252000,252000,252000,252000
"207","Leucospermum patersonii_total_curr_2070.csv","Leucospermum patersonii",252000,252000,252000,252000,252000,252000
"208","Leucospermum pedunculatum_total_curr_2010.csv","Leucospermum pedunculatum",252000,252000,252000,252000,252000,252000
"209","Leucospermum pedunculatum_total_curr_2040.csv","Leucospermum pedunculatum",252000,252000,252000,252000,252000,252000
"210","Leucospermum pedunculatum_total_curr_2070.csv","Leucospermum pedunculatum",252000,252000,252000,252000,252000,252000
"211","Leucospermum pluridens_total_curr_2010.csv","Leucospermum pluridens",252000,252000,252000,252000,252000,252000
"212","Leucospermum pluridens_total_curr_2040.csv","Leucospermum pluridens",252000,252000,252000,252000,252000,252000
"213","Leucospermum pluridens_total_curr_2070.csv","Leucospermum pluridens",252000,252000,252000,252000,252000,252000
"214","Leucospermum praecox_total_curr_2010.csv","Leucospermum praecox",252000,252000,252000,252000,252000,252000
"215","Leucospermum praecox_total_curr_2040.csv","Leucospermum praecox",252000,252000,252000,252000,252000,252000
"216","Leucospermum praecox_total_curr_2070.csv","Leucospermum praecox",252000,252000,252000,252000,252000,252000
"217","Leucospermum praemorsum_total_curr_2010.csv","Leucospermum praemorsum",252000,252000,252000,252000,252000,252000
"218","Leucospermum praemorsum_total_curr_2040.csv","Leucospermum praemorsum",252000,252000,252000,252000,252000,252000
"219","Leucospermum praemorsum_total_curr_2070.csv","Leucospermum praemorsum",252000,252000,252000,252000,252000,252000
"220","Leucospermum prostratum_total_curr_2010.csv","Leucospermum prostratum",252000,252000,252000,252000,252000,252000
"221","Leucospermum prostratum_total_curr_2040.csv","Leucospermum prostratum",252000,252000,252000,252000,252000,252000
"222","Leucospermum prostratum_total_curr_2070.csv","Leucospermum prostratum",252000,252000,252000,252000,252000,252000
"223","Leucospermum reflexum_total_curr_2010.csv","Leucospermum reflexum",252000,252000,252000,252000,252000,252000
"224","Leucospermum reflexum_total_curr_2040.csv","Leucospermum reflexum",252000,252000,252000,252000,252000,252000
"225","Leucospermum reflexum_total_curr_2070.csv","Leucospermum reflexum",252000,252000,252000,252000,252000,252000
"226","Leucospermum rodolentum_total_curr_2010.csv","Leucospermum rodolentum",252000,252000,252000,252000,252000,252000
"227","Leucospermum rodolentum_total_curr_2040.csv","Leucospermum rodolentum",252000,252000,252000,252000,252000,252000
"228","Leucospermum rodolentum_total_curr_2070.csv","Leucospermum rodolentum",252000,252000,252000,252000,252000,252000
"229","Leucospermum secundifolium_total_curr_2010.csv","Leucospermum secundifolium",252000,252000,252000,252000,252000,252000
"230","Leucospermum secundifolium_total_curr_2040.csv","Leucospermum secundifolium",252000,252000,252000,252000,252000,252000
"231","Leucospermum secundifolium_total_curr_2070.csv","Leucospermum secundifolium",252000,252000,252000,252000,252000,252000
"232","Leucospermum spathulatum_total_curr_2010.csv","Leucospermum spathulatum",252000,252000,252000,252000,252000,252000
"233","Leucospermum spathulatum_total_curr_2040.csv","Leucospermum spathulatum",252000,252000,252000,252000,252000,252000
"234","Leucospermum spathulatum_total_curr_2070.csv","Leucospermum spathulatum",252000,252000,252000,252000,252000,252000
"235","Leucospermum tomentosum_total_curr_2010.csv","Leucospermum tomentosum",252000,252000,252000,252000,252000,252000
"236","Leucospermum tomentosum_total_curr_2040.csv","Leucospermum tomentosum",252000,252000,252000,252000,252000,252000
"237","Leucospermum tomentosum_total_curr_2070.csv","Leucospermum tomentosum",252000,252000,252000,252000,252000,252000
"238","Leucospermum tottum_total_curr_2010.csv","Leucospermum tottum",252000,252000,252000,252000,252000,252000
"239","Leucospermum tottum_total_curr_2040.csv","Leucospermum tottum",252000,252000,252000,252000,252000,252000
"240","Leucospermum tottum_total_curr_2070.csv","Leucospermum tottum",252000,252000,252000,252000,252000,252000
"241","Leucospermum truncatulum_total_curr_2010.csv","Leucospermum truncatulum",252000,252000,252000,252000,252000,252000
"242","Leucospermum truncatulum_total_curr_2040.csv","Leucospermum truncatulum",252000,252000,252000,252000,252000,252000
"243","Leucospermum truncatulum_total_curr_2070.csv","Leucospermum truncatulum",252000,252000,252000,252000,252000,252000
"244","Leucospermum vestitum_total_curr_2010.csv","Leucospermum vestitum",252000,252000,252000,252000,252000,252000
"245","Leucospermum vestitum_total_curr_2040.csv","Leucospermum vestitum",252000,252000,252000,252000,252000,252000
"246","Leucospermum vestitum_total_curr_2070.csv","Leucospermum vestitum",252000,252000,252000,252000,252000,252000
"247","Leucospermum winteri_total_curr_2010.csv","Leucospermum winteri",252000,252000,252000,252000,252000,252000
"248","Leucospermum winteri_total_curr_2040.csv","Leucospermum winteri",252000,252000,252000,252000,252000,252000
"249","Leucospermum winteri_total_curr_2070.csv","Leucospermum winteri",252000,252000,252000,252000,252000,252000
"250","Mimetes arboreus_total_curr_2010.csv","Mimetes arboreus",252000,252000,252000,252000,252000,252000
"251","Mimetes arboreus_total_curr_2040.csv","Mimetes arboreus",252000,252000,252000,252000,252000,252000
"252","Mimetes arboreus_total_curr_2070.csv","Mimetes arboreus",252000,252000,252000,252000,252000,252000
"253","Mimetes argenteus_total_curr_2010.csv","Mimetes argenteus",252000,252000,252000,252000,252000,252000
"254","Mimetes argenteus_total_curr_2040.csv","Mimetes argenteus",252000,252000,252000,252000,252000,252000
"255","Mimetes argenteus_total_curr_2070.csv","Mimetes argenteus",252000,252000,252000,252000,252000,252000
"256","Mimetes capitulatus_total_curr_2010.csv","Mimetes capitulatus",252000,252000,252000,252000,252000,252000
"257","Mimetes capitulatus_total_curr_2040.csv","Mimetes capitulatus",252000,252000,252000,252000,252000,252000
"258","Mimetes capitulatus_total_curr_2070.csv","Mimetes capitulatus",252000,252000,252000,252000,252000,252000
"259","Mimetes fimbriifolius_total_curr_2010.csv","Mimetes fimbriifolius",252000,252000,252000,252000,252000,252000
"260","Mimetes fimbriifolius_total_curr_2040.csv","Mimetes fimbriifolius",252000,252000,252000,252000,252000,252000
"261","Mimetes fimbriifolius_total_curr_2070.csv","Mimetes fimbriifolius",252000,252000,252000,252000,252000,252000
"262","Mimetes hirtus_total_curr_2010.csv","Mimetes hirtus",252000,252000,252000,252000,252000,252000
"263","Mimetes hirtus_total_curr_2040.csv","Mimetes hirtus",252000,252000,252000,252000,252000,252000
"264","Mimetes hirtus_total_curr_2070.csv","Mimetes hirtus",252000,252000,252000,252000,252000,252000
"265","Mimetes hottentoticus_total_curr_2010.csv","Mimetes hottentoticus",252000,252000,252000,252000,252000,252000
"266","Mimetes hottentoticus_total_curr_2040.csv","Mimetes hottentoticus",252000,252000,252000,252000,252000,252000
"267","Mimetes hottentoticus_total_curr_2070.csv","Mimetes hottentoticus",252000,252000,252000,252000,252000,252000
"268","Mimetes palustris_total_curr_2010.csv","Mimetes palustris",252000,252000,252000,252000,252000,252000
"269","Mimetes palustris_total_curr_2040.csv","Mimetes palustris",252000,252000,252000,252000,252000,252000
"270","Mimetes palustris_total_curr_2070.csv","Mimetes palustris",252000,252000,252000,252000,252000,252000
"271","Mimetes pauciflorus_total_curr_2010.csv","Mimetes pauciflorus",252000,252000,252000,252000,252000,252000
"272","Mimetes pauciflorus_total_curr_2040.csv","Mimetes pauciflorus",252000,252000,252000,252000,252000,252000
"273","Mimetes pauciflorus_total_curr_2070.csv","Mimetes pauciflorus",252000,252000,252000,252000,252000,252000
"274","Mimetes saxatilis_total_curr_2010.csv","Mimetes saxatilis",252000,252000,252000,252000,252000,252000
"275","Mimetes saxatilis_total_curr_2040.csv","Mimetes saxatilis",252000,252000,252000,252000,252000,252000
"276","Mimetes saxatilis_total_curr_2070.csv","Mimetes saxatilis",252000,252000,252000,252000,252000,252000
"277","Mimetes splendidus_total_curr_2010.csv","Mimetes splendidus",252000,252000,252000,252000,252000,252000
"278","Mimetes splendidus_total_curr_2040.csv","Mimetes splendidus",252000,252000,252000,252000,252000,252000
"279","Mimetes splendidus_total_curr_2070.csv","Mimetes splendidus",252000,252000,252000,252000,252000,252000
"280","Orothamnus zeyheri_total_curr_2010.csv","Orothamnus zeyheri",252000,252000,252000,252000,252000,252000
"281","Orothamnus zeyheri_total_curr_2040.csv","Orothamnus zeyheri",252000,252000,252000,252000,252000,252000
"282","Orothamnus zeyheri_total_curr_2070.csv","Orothamnus zeyheri",252000,252000,252000,252000,252000,252000
"283","Paranomus abrotanifolius_total_curr_2010.csv","Paranomus abrotanifolius",252000,252000,252000,252000,252000,252000
"284","Paranomus abrotanifolius_total_curr_2040.csv","Paranomus abrotanifolius",252000,252000,252000,252000,252000,252000
"285","Paranomus abrotanifolius_total_curr_2070.csv","Paranomus abrotanifolius",252000,252000,252000,252000,252000,252000
"286","Paranomus bolusii_total_curr_2010.csv","Paranomus bolusii",252000,252000,252000,252000,252000,252000
"287","Paranomus bolusii_total_curr_2040.csv","Paranomus bolusii",252000,252000,252000,252000,252000,252000
"288","Paranomus bolusii_total_curr_2070.csv","Paranomus bolusii",252000,252000,252000,252000,252000,252000
"289","Paranomus centaureoides_total_curr_2010.csv","Paranomus centaureoides",252000,252000,252000,252000,252000,252000
"290","Paranomus centaureoides_total_curr_2040.csv","Paranomus centaureoides",252000,252000,252000,252000,252000,252000
"291","Paranomus centaureoides_total_curr_2070.csv","Paranomus centaureoides",252000,252000,252000,252000,252000,252000
"292","Paranomus dispersus_total_curr_2010.csv","Paranomus dispersus",252000,252000,252000,252000,252000,252000
"293","Paranomus dispersus_total_curr_2040.csv","Paranomus dispersus",252000,252000,252000,252000,252000,252000
"294","Paranomus dispersus_total_curr_2070.csv","Paranomus dispersus",252000,252000,252000,252000,252000,252000
"295","Paranomus longicaulis_total_curr_2010.csv","Paranomus longicaulis",252000,252000,252000,252000,252000,252000
"296","Paranomus longicaulis_total_curr_2040.csv","Paranomus longicaulis",252000,252000,252000,252000,252000,252000
"297","Paranomus longicaulis_total_curr_2070.csv","Paranomus longicaulis",252000,252000,252000,252000,252000,252000
"298","Paranomus roodebergensis_total_curr_2010.csv","Paranomus roodebergensis",252000,252000,252000,252000,252000,252000
"299","Paranomus roodebergensis_total_curr_2040.csv","Paranomus roodebergensis",252000,252000,252000,252000,252000,252000
"300","Paranomus roodebergensis_total_curr_2070.csv","Paranomus roodebergensis",252000,252000,252000,252000,252000,252000
"301","Paranomus sceptrum-gustavianus_total_curr_2010.csv","Paranomus sceptrum-gustavianus",252000,252000,252000,252000,252000,252000
"302","Paranomus sceptrum-gustavianus_total_curr_2040.csv","Paranomus sceptrum-gustavianus",252000,252000,252000,252000,252000,252000
"303","Paranomus sceptrum-gustavianus_total_curr_2070.csv","Paranomus sceptrum-gustavianus",252000,252000,252000,252000,252000,252000
"304","Paranomus spathulatus_total_curr_2010.csv","Paranomus spathulatus",252000,252000,252000,252000,252000,252000
"305","Paranomus spathulatus_total_curr_2040.csv","Paranomus spathulatus",252000,252000,252000,252000,252000,252000
"306","Paranomus spathulatus_total_curr_2070.csv","Paranomus spathulatus",252000,252000,252000,252000,252000,252000
"307","Paranomus spicatus_total_curr_2010.csv","Paranomus spicatus",252000,252000,252000,252000,252000,252000
"308","Paranomus spicatus_total_curr_2040.csv","Paranomus spicatus",252000,252000,252000,252000,252000,252000
"309","Paranomus spicatus_total_curr_2070.csv","Paranomus spicatus",252000,252000,252000,252000,252000,252000
"310","Paranomus tomentosus_total_curr_2010.csv","Paranomus tomentosus",252000,252000,252000,252000,252000,252000
"311","Paranomus tomentosus_total_curr_2040.csv","Paranomus tomentosus",252000,252000,252000,252000,252000,252000
"312","Paranomus tomentosus_total_curr_2070.csv","Paranomus tomentosus",252000,252000,252000,252000,252000,252000
"313","Protea acaulos_total_curr_2010.csv","Protea acaulos",252000,252000,252000,252000,252000,252000
"314","Protea acaulos_total_curr_2040.csv","Protea acaulos",252000,252000,252000,252000,252000,252000
"315","Protea acaulos_total_curr_2070.csv","Protea acaulos",252000,252000,252000,252000,252000,252000
"316","Protea acuminata_total_curr_2010.csv","Protea acuminata",252000,252000,252000,252000,252000,252000
"317","Protea acuminata_total_curr_2040.csv","Protea acuminata",252000,252000,252000,252000,252000,252000
"318","Protea acuminata_total_curr_2070.csv","Protea acuminata",252000,252000,252000,252000,252000,252000
"319","Protea angustata_total_curr_2010.csv","Protea angustata",252000,252000,252000,252000,252000,252000
"320","Protea angustata_total_curr_2040.csv","Protea angustata",252000,252000,252000,252000,252000,252000
"321","Protea angustata_total_curr_2070.csv","Protea angustata",252000,252000,252000,252000,252000,252000
"322","Protea aspera_total_curr_2010.csv","Protea aspera",252000,252000,252000,252000,252000,252000
"323","Protea aspera_total_curr_2040.csv","Protea aspera",252000,252000,252000,252000,252000,252000
"324","Protea aspera_total_curr_2070.csv","Protea aspera",252000,252000,252000,252000,252000,252000
"325","Protea aurea_total_curr_2010.csv","Protea aurea",252000,252000,252000,252000,252000,252000
"326","Protea aurea_total_curr_2040.csv","Protea aurea",252000,252000,252000,252000,252000,252000
"327","Protea aurea_total_curr_2070.csv","Protea aurea",252000,252000,252000,252000,252000,252000
"328","Protea burchellii_total_curr_2010.csv","Protea burchellii",252000,252000,252000,252000,252000,252000
"329","Protea burchellii_total_curr_2040.csv","Protea burchellii",252000,252000,252000,252000,252000,252000
"330","Protea burchellii_total_curr_2070.csv","Protea burchellii",252000,252000,252000,252000,252000,252000
"331","Protea caespitosa_total_curr_2010.csv","Protea caespitosa",252000,252000,252000,252000,252000,252000
"332","Protea caespitosa_total_curr_2040.csv","Protea caespitosa",252000,252000,252000,252000,252000,252000
"333","Protea caespitosa_total_curr_2070.csv","Protea caespitosa",252000,252000,252000,252000,252000,252000
"334","Protea compacta_total_curr_2010.csv","Protea compacta",252000,252000,252000,252000,252000,252000
"335","Protea compacta_total_curr_2040.csv","Protea compacta",252000,252000,252000,252000,252000,252000
"336","Protea compacta_total_curr_2070.csv","Protea compacta",252000,252000,252000,252000,252000,252000
"337","Protea convexa_total_curr_2010.csv","Protea convexa",252000,252000,252000,252000,252000,252000
"338","Protea convexa_total_curr_2040.csv","Protea convexa",252000,252000,252000,252000,252000,252000
"339","Protea convexa_total_curr_2070.csv","Protea convexa",252000,252000,252000,252000,252000,252000
"340","Protea coronata_total_curr_2010.csv","Protea coronata",252000,252000,252000,252000,252000,252000
"341","Protea coronata_total_curr_2040.csv","Protea coronata",252000,252000,252000,252000,252000,252000
"342","Protea coronata_total_curr_2070.csv","Protea coronata",252000,252000,252000,252000,252000,252000
"343","Protea cryophila_total_curr_2010.csv","Protea cryophila",252000,252000,252000,252000,252000,252000
"344","Protea cryophila_total_curr_2040.csv","Protea cryophila",252000,252000,252000,252000,252000,252000
"345","Protea cryophila_total_curr_2070.csv","Protea cryophila",252000,252000,252000,252000,252000,252000
"346","Protea cynaroides_total_curr_2010.csv","Protea cynaroides",252000,252000,252000,252000,252000,252000
"347","Protea cynaroides_total_curr_2040.csv","Protea cynaroides",252000,252000,252000,252000,252000,252000
"348","Protea cynaroides_total_curr_2070.csv","Protea cynaroides",252000,252000,252000,252000,252000,252000
"349","Protea decurrens_total_curr_2010.csv","Protea decurrens",252000,252000,252000,252000,252000,252000
"350","Protea decurrens_total_curr_2040.csv","Protea decurrens",252000,252000,252000,252000,252000,252000
"351","Protea decurrens_total_curr_2070.csv","Protea decurrens",252000,252000,252000,252000,252000,252000
"352","Protea denticulata_total_curr_2010.csv","Protea denticulata",252000,252000,252000,252000,252000,252000
"353","Protea denticulata_total_curr_2040.csv","Protea denticulata",252000,252000,252000,252000,252000,252000
"354","Protea denticulata_total_curr_2070.csv","Protea denticulata",252000,252000,252000,252000,252000,252000
"355","Protea effusa_total_curr_2010.csv","Protea effusa",252000,252000,252000,252000,252000,252000
"356","Protea effusa_total_curr_2040.csv","Protea effusa",252000,252000,252000,252000,252000,252000
"357","Protea effusa_total_curr_2070.csv","Protea effusa",252000,252000,252000,252000,252000,252000
"358","Protea glabra_total_curr_2010.csv","Protea glabra",252000,252000,252000,252000,252000,252000
"359","Protea glabra_total_curr_2040.csv","Protea glabra",252000,252000,252000,252000,252000,252000
"360","Protea glabra_total_curr_2070.csv","Protea glabra",252000,252000,252000,252000,252000,252000
"361","Protea grandiceps_total_curr_2010.csv","Protea grandiceps",252000,252000,252000,252000,252000,252000
"362","Protea grandiceps_total_curr_2040.csv","Protea grandiceps",252000,252000,252000,252000,252000,252000
"363","Protea grandiceps_total_curr_2070.csv","Protea grandiceps",252000,252000,252000,252000,252000,252000
"364","Protea lacticolor_total_curr_2010.csv","Protea lacticolor",252000,252000,252000,252000,252000,252000
"365","Protea lacticolor_total_curr_2040.csv","Protea lacticolor",252000,252000,252000,252000,252000,252000
"366","Protea lacticolor_total_curr_2070.csv","Protea lacticolor",252000,252000,252000,252000,252000,252000
"367","Protea laurifolia_total_curr_2010.csv","Protea laurifolia",252000,252000,252000,252000,252000,252000
"368","Protea laurifolia_total_curr_2040.csv","Protea laurifolia",252000,252000,252000,252000,252000,252000
"369","Protea laurifolia_total_curr_2070.csv","Protea laurifolia",252000,252000,252000,252000,252000,252000
"370","Protea lepidocarpodendron_total_curr_2010.csv","Protea lepidocarpodendron",252000,252000,252000,252000,252000,252000
"371","Protea lepidocarpodendron_total_curr_2040.csv","Protea lepidocarpodendron",252000,252000,252000,252000,252000,252000
"372","Protea lepidocarpodendron_total_curr_2070.csv","Protea lepidocarpodendron",252000,252000,252000,252000,252000,252000
"373","Protea longifolia_total_curr_2010.csv","Protea longifolia",252000,252000,252000,252000,252000,252000
"374","Protea longifolia_total_curr_2040.csv","Protea longifolia",252000,252000,252000,252000,252000,252000
"375","Protea longifolia_total_curr_2070.csv","Protea longifolia",252000,252000,252000,252000,252000,252000
"376","Protea lorea_total_curr_2010.csv","Protea lorea",252000,252000,252000,252000,252000,252000
"377","Protea lorea_total_curr_2040.csv","Protea lorea",252000,252000,252000,252000,252000,252000
"378","Protea lorea_total_curr_2070.csv","Protea lorea",252000,252000,252000,252000,252000,252000
"379","Protea montana_total_curr_2010.csv","Protea montana",252000,252000,252000,252000,252000,252000
"380","Protea montana_total_curr_2040.csv","Protea montana",252000,252000,252000,252000,252000,252000
"381","Protea montana_total_curr_2070.csv","Protea montana",252000,252000,252000,252000,252000,252000
"382","Protea nitida_total_curr_2010.csv","Protea nitida",252000,252000,252000,252000,252000,252000
"383","Protea nitida_total_curr_2040.csv","Protea nitida",252000,252000,252000,252000,252000,252000
"384","Protea nitida_total_curr_2070.csv","Protea nitida",252000,252000,252000,252000,252000,252000
"385","Protea obtusifolia_total_curr_2010.csv","Protea obtusifolia",252000,252000,252000,252000,252000,252000
"386","Protea obtusifolia_total_curr_2040.csv","Protea obtusifolia",252000,252000,252000,252000,252000,252000
"387","Protea obtusifolia_total_curr_2070.csv","Protea obtusifolia",252000,252000,252000,252000,252000,252000
"388","Protea odorata_total_curr_2010.csv","Protea odorata",252000,252000,252000,252000,252000,252000
"389","Protea odorata_total_curr_2040.csv","Protea odorata",252000,252000,252000,252000,252000,252000
"390","Protea odorata_total_curr_2070.csv","Protea odorata",252000,252000,252000,252000,252000,252000
"391","Protea pityphylla_total_curr_2010.csv","Protea pityphylla",252000,252000,252000,252000,252000,252000
"392","Protea pityphylla_total_curr_2040.csv","Protea pityphylla",252000,252000,252000,252000,252000,252000
"393","Protea pityphylla_total_curr_2070.csv","Protea pityphylla",252000,252000,252000,252000,252000,252000
"394","Protea punctata_total_curr_2010.csv","Protea punctata",252000,252000,252000,252000,252000,252000
"395","Protea punctata_total_curr_2040.csv","Protea punctata",252000,252000,252000,252000,252000,252000
"396","Protea punctata_total_curr_2070.csv","Protea punctata",252000,252000,252000,252000,252000,252000
"397","Protea recondita_total_curr_2010.csv","Protea recondita",252000,252000,252000,252000,252000,252000
"398","Protea recondita_total_curr_2040.csv","Protea recondita",252000,252000,252000,252000,252000,252000
"399","Protea recondita_total_curr_2070.csv","Protea recondita",252000,252000,252000,252000,252000,252000
"400","Protea repens_total_curr_2010.csv","Protea repens",252000,252000,252000,252000,252000,252000
"401","Protea repens_total_curr_2040.csv","Protea repens",252000,252000,252000,252000,252000,252000
"402","Protea repens_total_curr_2070.csv","Protea repens",252000,252000,252000,252000,252000,252000
"403","Protea restionifolia_total_curr_2010.csv","Protea restionifolia",252000,252000,252000,252000,252000,252000
"404","Protea restionifolia_total_curr_2040.csv","Protea restionifolia",252000,252000,252000,252000,252000,252000
"405","Protea restionifolia_total_curr_2070.csv","Protea restionifolia",252000,252000,252000,252000,252000,252000
"406","Protea rupicola_total_curr_2010.csv","Protea rupicola",252000,252000,252000,252000,252000,252000
"407","Protea rupicola_total_curr_2040.csv","Protea rupicola",252000,252000,252000,252000,252000,252000
"408","Protea rupicola_total_curr_2070.csv","Protea rupicola",252000,252000,252000,252000,252000,252000
"409","Protea scabra_total_curr_2010.csv","Protea scabra",252000,252000,252000,252000,252000,252000
"410","Protea scabra_total_curr_2040.csv","Protea scabra",252000,252000,252000,252000,252000,252000
"411","Protea scabra_total_curr_2070.csv","Protea scabra",252000,252000,252000,252000,252000,252000
"412","Protea scolymocephala_total_curr_2010.csv","Protea scolymocephala",252000,252000,252000,252000,252000,252000
"413","Protea scolymocephala_total_curr_2040.csv","Protea scolymocephala",252000,252000,252000,252000,252000,252000
"414","Protea scolymocephala_total_curr_2070.csv","Protea scolymocephala",252000,252000,252000,252000,252000,252000
"415","Protea scorzonerifolia_total_curr_2010.csv","Protea scorzonerifolia",252000,252000,252000,252000,252000,252000
"416","Protea scorzonerifolia_total_curr_2040.csv","Protea scorzonerifolia",252000,252000,252000,252000,252000,252000
"417","Protea scorzonerifolia_total_curr_2070.csv","Protea scorzonerifolia",252000,252000,252000,252000,252000,252000
"418","Protea stokoei_total_curr_2010.csv","Protea stokoei",252000,252000,252000,252000,252000,252000
"419","Protea stokoei_total_curr_2040.csv","Protea stokoei",252000,252000,252000,252000,252000,252000
"420","Protea stokoei_total_curr_2070.csv","Protea stokoei",252000,252000,252000,252000,252000,252000
"421","Protea subulifolia_total_curr_2010.csv","Protea subulifolia",252000,252000,252000,252000,252000,252000
"422","Protea subulifolia_total_curr_2040.csv","Protea subulifolia",252000,252000,252000,252000,252000,252000
"423","Protea subulifolia_total_curr_2070.csv","Protea subulifolia",252000,252000,252000,252000,252000,252000
"424","Protea susannae_total_curr_2010.csv","Protea susannae",252000,252000,252000,252000,252000,252000
"425","Protea susannae_total_curr_2040.csv","Protea susannae",252000,252000,252000,252000,252000,252000
"426","Protea susannae_total_curr_2070.csv","Protea susannae",252000,252000,252000,252000,252000,252000
"427","Protea venusta_total_curr_2010.csv","Protea venusta",252000,252000,252000,252000,252000,252000
"428","Protea venusta_total_curr_2040.csv","Protea venusta",252000,252000,252000,252000,252000,252000
"429","Protea venusta_total_curr_2070.csv","Protea venusta",252000,252000,252000,252000,252000,252000
"430","Serruria adscendens_total_curr_2010.csv","Serruria adscendens",252000,252000,252000,252000,252000,252000
"431","Serruria adscendens_total_curr_2040.csv","Serruria adscendens",252000,252000,252000,252000,252000,252000
"432","Serruria adscendens_total_curr_2070.csv","Serruria adscendens",252000,252000,252000,252000,252000,252000
"433","Serruria aemula_total_curr_2010.csv","Serruria aemula",252000,252000,252000,252000,252000,252000
"434","Serruria aemula_total_curr_2040.csv","Serruria aemula",252000,252000,252000,252000,252000,252000
"435","Serruria aemula_total_curr_2070.csv","Serruria aemula",252000,252000,252000,252000,252000,252000
"436","Serruria bolusii_total_curr_2010.csv","Serruria bolusii",252000,252000,252000,252000,252000,252000
"437","Serruria bolusii_total_curr_2040.csv","Serruria bolusii",252000,252000,252000,252000,252000,252000
"438","Serruria bolusii_total_curr_2070.csv","Serruria bolusii",252000,252000,252000,252000,252000,252000
"439","Serruria brownii_total_curr_2010.csv","Serruria brownii",252000,252000,252000,252000,252000,252000
"440","Serruria brownii_total_curr_2040.csv","Serruria brownii",252000,252000,252000,252000,252000,252000
"441","Serruria brownii_total_curr_2070.csv","Serruria brownii",252000,252000,252000,252000,252000,252000
"442","Serruria candicans_total_curr_2010.csv","Serruria candicans",252000,252000,252000,252000,252000,252000
"443","Serruria candicans_total_curr_2040.csv","Serruria candicans",252000,252000,252000,252000,252000,252000
"444","Serruria candicans_total_curr_2070.csv","Serruria candicans",252000,252000,252000,252000,252000,252000
"445","Serruria cyanoides_total_curr_2010.csv","Serruria cyanoides",252000,252000,252000,252000,252000,252000
"446","Serruria cyanoides_total_curr_2040.csv","Serruria cyanoides",252000,252000,252000,252000,252000,252000
"447","Serruria cyanoides_total_curr_2070.csv","Serruria cyanoides",252000,252000,252000,252000,252000,252000
"448","Serruria decipiens_total_curr_2010.csv","Serruria decipiens",252000,252000,252000,252000,252000,252000
"449","Serruria decipiens_total_curr_2040.csv","Serruria decipiens",252000,252000,252000,252000,252000,252000
"450","Serruria decipiens_total_curr_2070.csv","Serruria decipiens",252000,252000,252000,252000,252000,252000
"451","Serruria decumbens_total_curr_2010.csv","Serruria decumbens",252000,252000,252000,252000,252000,252000
"452","Serruria decumbens_total_curr_2040.csv","Serruria decumbens",252000,252000,252000,252000,252000,252000
"453","Serruria decumbens_total_curr_2070.csv","Serruria decumbens",252000,252000,252000,252000,252000,252000
"454","Serruria effusa_total_curr_2010.csv","Serruria effusa",252000,252000,252000,252000,252000,252000
"455","Serruria effusa_total_curr_2040.csv","Serruria effusa",252000,252000,252000,252000,252000,252000
"456","Serruria effusa_total_curr_2070.csv","Serruria effusa",252000,252000,252000,252000,252000,252000
"457","Serruria elongata_total_curr_2010.csv","Serruria elongata",252000,252000,252000,252000,252000,252000
"458","Serruria elongata_total_curr_2040.csv","Serruria elongata",252000,252000,252000,252000,252000,252000
"459","Serruria elongata_total_curr_2070.csv","Serruria elongata",252000,252000,252000,252000,252000,252000
"460","Serruria fasciflora_total_curr_2010.csv","Serruria fasciflora",252000,252000,252000,252000,252000,252000
"461","Serruria fasciflora_total_curr_2040.csv","Serruria fasciflora",252000,252000,252000,252000,252000,252000
"462","Serruria fasciflora_total_curr_2070.csv","Serruria fasciflora",252000,252000,252000,252000,252000,252000
"463","Serruria flagellifolia_total_curr_2010.csv","Serruria flagellifolia",252000,252000,252000,252000,252000,252000
"464","Serruria flagellifolia_total_curr_2040.csv","Serruria flagellifolia",252000,252000,252000,252000,252000,252000
"465","Serruria flagellifolia_total_curr_2070.csv","Serruria flagellifolia",252000,252000,252000,252000,252000,252000
"466","Serruria flava_total_curr_2010.csv","Serruria flava",252000,252000,252000,252000,252000,252000
"467","Serruria flava_total_curr_2040.csv","Serruria flava",252000,252000,252000,252000,252000,252000
"468","Serruria flava_total_curr_2070.csv","Serruria flava",252000,252000,252000,252000,252000,252000
"469","Serruria florida_total_curr_2010.csv","Serruria florida",252000,252000,252000,252000,252000,252000
"470","Serruria florida_total_curr_2040.csv","Serruria florida",252000,252000,252000,252000,252000,252000
"471","Serruria florida_total_curr_2070.csv","Serruria florida",252000,252000,252000,252000,252000,252000
"472","Serruria fucifolia_total_curr_2010.csv","Serruria fucifolia",252000,252000,252000,252000,252000,252000
"473","Serruria fucifolia_total_curr_2040.csv","Serruria fucifolia",252000,252000,252000,252000,252000,252000
"474","Serruria fucifolia_total_curr_2070.csv","Serruria fucifolia",252000,252000,252000,252000,252000,252000
"475","Serruria furcellata_total_curr_2010.csv","Serruria furcellata",252000,252000,252000,252000,252000,252000
"476","Serruria furcellata_total_curr_2040.csv","Serruria furcellata",252000,252000,252000,252000,252000,252000
"477","Serruria furcellata_total_curr_2070.csv","Serruria furcellata",252000,252000,252000,252000,252000,252000
"478","Serruria glomerata_total_curr_2010.csv","Serruria glomerata",252000,252000,252000,252000,252000,252000
"479","Serruria glomerata_total_curr_2040.csv","Serruria glomerata",252000,252000,252000,252000,252000,252000
"480","Serruria glomerata_total_curr_2070.csv","Serruria glomerata",252000,252000,252000,252000,252000,252000
"481","Serruria heterophylla_total_curr_2010.csv","Serruria heterophylla",252000,252000,252000,252000,252000,252000
"482","Serruria heterophylla_total_curr_2040.csv","Serruria heterophylla",252000,252000,252000,252000,252000,252000
"483","Serruria heterophylla_total_curr_2070.csv","Serruria heterophylla",252000,252000,252000,252000,252000,252000
"484","Serruria hirsuta_total_curr_2010.csv","Serruria hirsuta",252000,252000,252000,252000,252000,252000
"485","Serruria hirsuta_total_curr_2040.csv","Serruria hirsuta",252000,252000,252000,252000,252000,252000
"486","Serruria hirsuta_total_curr_2070.csv","Serruria hirsuta",252000,252000,252000,252000,252000,252000
"487","Serruria inconspicua_total_curr_2010.csv","Serruria inconspicua",252000,252000,252000,252000,252000,252000
"488","Serruria inconspicua_total_curr_2040.csv","Serruria inconspicua",252000,252000,252000,252000,252000,252000
"489","Serruria inconspicua_total_curr_2070.csv","Serruria inconspicua",252000,252000,252000,252000,252000,252000
"490","Serruria incrassata_total_curr_2010.csv","Serruria incrassata",252000,252000,252000,252000,252000,252000
"491","Serruria incrassata_total_curr_2040.csv","Serruria incrassata",252000,252000,252000,252000,252000,252000
"492","Serruria incrassata_total_curr_2070.csv","Serruria incrassata",252000,252000,252000,252000,252000,252000
"493","Serruria kraussii_total_curr_2010.csv","Serruria kraussii",252000,252000,252000,252000,252000,252000
"494","Serruria kraussii_total_curr_2040.csv","Serruria kraussii",252000,252000,252000,252000,252000,252000
"495","Serruria kraussii_total_curr_2070.csv","Serruria kraussii",252000,252000,252000,252000,252000,252000
"496","Serruria leipoldtii_total_curr_2010.csv","Serruria leipoldtii",252000,252000,252000,252000,252000,252000
"497","Serruria leipoldtii_total_curr_2040.csv","Serruria leipoldtii",252000,252000,252000,252000,252000,252000
"498","Serruria leipoldtii_total_curr_2070.csv","Serruria leipoldtii",252000,252000,252000,252000,252000,252000
"499","Serruria linearis_total_curr_2010.csv","Serruria linearis",252000,252000,252000,252000,252000,252000
"500","Serruria linearis_total_curr_2040.csv","Serruria linearis",252000,252000,252000,252000,252000,252000
"501","Serruria linearis_total_curr_2070.csv","Serruria linearis",252000,252000,252000,252000,252000,252000
"502","Serruria meisneriana_total_curr_2010.csv","Serruria meisneriana",252000,252000,252000,252000,252000,252000
"503","Serruria meisneriana_total_curr_2040.csv","Serruria meisneriana",252000,252000,252000,252000,252000,252000
"504","Serruria meisneriana_total_curr_2070.csv","Serruria meisneriana",252000,252000,252000,252000,252000,252000
"505","Serruria millefolia_total_curr_2010.csv","Serruria millefolia",252000,252000,252000,252000,252000,252000
"506","Serruria millefolia_total_curr_2040.csv","Serruria millefolia",252000,252000,252000,252000,252000,252000
"507","Serruria millefolia_total_curr_2070.csv","Serruria millefolia",252000,252000,252000,252000,252000,252000
"508","Serruria nervosa_total_curr_2010.csv","Serruria nervosa",252000,252000,252000,252000,252000,252000
"509","Serruria nervosa_total_curr_2040.csv","Serruria nervosa",252000,252000,252000,252000,252000,252000
"510","Serruria nervosa_total_curr_2070.csv","Serruria nervosa",252000,252000,252000,252000,252000,252000
"511","Serruria pinnata_total_curr_2010.csv","Serruria pinnata",252000,252000,252000,252000,252000,252000
"512","Serruria pinnata_total_curr_2040.csv","Serruria pinnata",252000,252000,252000,252000,252000,252000
"513","Serruria pinnata_total_curr_2070.csv","Serruria pinnata",252000,252000,252000,252000,252000,252000
"514","Serruria reflexa_total_curr_2010.csv","Serruria reflexa",252000,252000,252000,252000,252000,252000
"515","Serruria reflexa_total_curr_2040.csv","Serruria reflexa",252000,252000,252000,252000,252000,252000
"516","Serruria reflexa_total_curr_2070.csv","Serruria reflexa",252000,252000,252000,252000,252000,252000
"517","Serruria rosea_total_curr_2010.csv","Serruria rosea",252000,252000,252000,252000,252000,252000
"518","Serruria rosea_total_curr_2040.csv","Serruria rosea",252000,252000,252000,252000,252000,252000
"519","Serruria rosea_total_curr_2070.csv","Serruria rosea",252000,252000,252000,252000,252000,252000
"520","Serruria roxburghii_total_curr_2010.csv","Serruria roxburghii",252000,252000,252000,252000,252000,252000
"521","Serruria roxburghii_total_curr_2040.csv","Serruria roxburghii",252000,252000,252000,252000,252000,252000
"522","Serruria roxburghii_total_curr_2070.csv","Serruria roxburghii",252000,252000,252000,252000,252000,252000
"523","Serruria rubricaulis_total_curr_2010.csv","Serruria rubricaulis",252000,252000,252000,252000,252000,252000
"524","Serruria rubricaulis_total_curr_2040.csv","Serruria rubricaulis",252000,252000,252000,252000,252000,252000
"525","Serruria rubricaulis_total_curr_2070.csv","Serruria rubricaulis",252000,252000,252000,252000,252000,252000
"526","Serruria trilopha_total_curr_2010.csv","Serruria trilopha",252000,252000,252000,252000,252000,252000
"527","Serruria trilopha_total_curr_2040.csv","Serruria trilopha",252000,252000,252000,252000,252000,252000
"528","Serruria trilopha_total_curr_2070.csv","Serruria trilopha",252000,252000,252000,252000,252000,252000
"529","Serruria triternata_total_curr_2010.csv","Serruria triternata",252000,252000,252000,252000,252000,252000
"530","Serruria triternata_total_curr_2040.csv","Serruria triternata",252000,252000,252000,252000,252000,252000
"531","Serruria triternata_total_curr_2070.csv","Serruria triternata",252000,252000,252000,252000,252000,252000
"532","Serruria villosa_total_curr_2010.csv","Serruria villosa",252000,252000,252000,252000,252000,252000
"533","Serruria villosa_total_curr_2040.csv","Serruria villosa",252000,252000,252000,252000,252000,252000
"534","Serruria villosa_total_curr_2070.csv","Serruria villosa",252000,252000,252000,252000,252000,252000
"535","Sorocephalus capitatus_total_curr_2010.csv","Sorocephalus capitatus",252000,252000,252000,252000,252000,252000
"536","Sorocephalus capitatus_total_curr_2040.csv","Sorocephalus capitatus",252000,252000,252000,252000,252000,252000
"537","Sorocephalus capitatus_total_curr_2070.csv","Sorocephalus capitatus",252000,252000,252000,252000,252000,252000
"538","Spatalla barbigera_total_curr_2010.csv","Spatalla barbigera",252000,252000,252000,252000,252000,252000
"539","Spatalla barbigera_total_curr_2040.csv","Spatalla barbigera",252000,252000,252000,252000,252000,252000
"540","Spatalla barbigera_total_curr_2070.csv","Spatalla barbigera",252000,252000,252000,252000,252000,252000
"541","Spatalla caudata_total_curr_2010.csv","Spatalla caudata",252000,252000,252000,252000,252000,252000
"542","Spatalla caudata_total_curr_2040.csv","Spatalla caudata",252000,252000,252000,252000,252000,252000
"543","Spatalla caudata_total_curr_2070.csv","Spatalla caudata",252000,252000,252000,252000,252000,252000
"544","Spatalla colorata_total_curr_2010.csv","Spatalla colorata",252000,252000,252000,252000,252000,252000
"545","Spatalla colorata_total_curr_2040.csv","Spatalla colorata",252000,252000,252000,252000,252000,252000
"546","Spatalla colorata_total_curr_2070.csv","Spatalla colorata",252000,252000,252000,252000,252000,252000
"547","Spatalla curvifolia_total_curr_2010.csv","Spatalla curvifolia",252000,252000,252000,252000,252000,252000
"548","Spatalla curvifolia_total_curr_2040.csv","Spatalla curvifolia",252000,252000,252000,252000,252000,252000
"549","Spatalla curvifolia_total_curr_2070.csv","Spatalla curvifolia",252000,252000,252000,252000,252000,252000
"550","Spatalla longifolia_total_curr_2010.csv","Spatalla longifolia",252000,252000,252000,252000,252000,252000
"551","Spatalla longifolia_total_curr_2040.csv","Spatalla longifolia",252000,252000,252000,252000,252000,252000
"552","Spatalla longifolia_total_curr_2070.csv","Spatalla longifolia",252000,252000,252000,252000,252000,252000
"553","Spatalla mollis_total_curr_2010.csv","Spatalla mollis",252000,252000,252000,252000,252000,252000
"554","Spatalla mollis_total_curr_2040.csv","Spatalla mollis",252000,252000,252000,252000,252000,252000
"555","Spatalla mollis_total_curr_2070.csv","Spatalla mollis",252000,252000,252000,252000,252000,252000
"556","Spatalla prolifera_total_curr_2010.csv","Spatalla prolifera",252000,252000,252000,252000,252000,252000
"557","Spatalla prolifera_total_curr_2040.csv","Spatalla prolifera",252000,252000,252000,252000,252000,252000
"558","Spatalla prolifera_total_curr_2070.csv","Spatalla prolifera",252000,252000,252000,252000,252000,252000
"559","Spatalla propinqua_total_curr_2010.csv","Spatalla propinqua",252000,252000,252000,252000,252000,252000
"560","Spatalla propinqua_total_curr_2040.csv","Spatalla propinqua",252000,252000,252000,252000,252000,252000
"561","Spatalla propinqua_total_curr_2070.csv","Spatalla propinqua",252000,252000,252000,252000,252000,252000
"562","Spatalla racemosa_total_curr_2010.csv","Spatalla racemosa",252000,252000,252000,252000,252000,252000
"563","Spatalla racemosa_total_curr_2040.csv","Spatalla racemosa",252000,252000,252000,252000,252000,252000
"564","Spatalla racemosa_total_curr_2070.csv","Spatalla racemosa",252000,252000,252000,252000,252000,252000
"565","Spatalla setacea_total_curr_2010.csv","Spatalla setacea",252000,252000,252000,252000,252000,252000
"566","Spatalla setacea_total_curr_2040.csv","Spatalla setacea",252000,252000,252000,252000,252000,252000
"567","Spatalla setacea_total_curr_2070.csv","Spatalla setacea",252000,252000,252000,252000,252000,252000
"568","Spatalla squamata_total_curr_2010.csv","Spatalla squamata",252000,252000,252000,252000,252000,252000
"569","Spatalla squamata_total_curr_2040.csv","Spatalla squamata",252000,252000,252000,252000,252000,252000
"570","Spatalla squamata_total_curr_2070.csv","Spatalla squamata",252000,252000,252000,252000,252000,252000
"571","Spatalla tulbaghensis_total_curr_2010.csv","Spatalla tulbaghensis",252000,252000,252000,252000,252000,252000
"572","Spatalla tulbaghensis_total_curr_2040.csv","Spatalla tulbaghensis",252000,252000,252000,252000,252000,252000
"573","Spatalla tulbaghensis_total_curr_2070.csv","Spatalla tulbaghensis",252000,252000,252000,252000,252000,252000
